run_id,observed_at,source,model,market,title,price,unit,currency,gpu_count,price_per_gpu_hour,normalized_price,condition,availability,link,metadata_json
20260528T035301Z,2026-05-28T03:53:03Z,Vast.ai,B200,rental,B200 x1,7.061254,instance_hour,USD,1,7.061254,7.061254,on-demand marketplace,rentable,https://cloud.vast.ai/create/,"{""basis"":""official bundles API"",""offerId"":38083500,""reliability"":0.9896986,""location"":""Ohio, US""}"
20260528T035301Z,2026-05-28T03:53:03Z,Vast.ai,B200,rental,B200 x1,7.061254,instance_hour,USD,1,7.061254,7.061254,on-demand marketplace,rentable,https://cloud.vast.ai/create/,"{""basis"":""official bundles API"",""offerId"":37210951,""reliability"":0.9939415,""location"":""Ohio, US""}"
20260528T035301Z,2026-05-28T03:53:03Z,Vast.ai,B200,rental,B200 x2,14.112536,instance_hour,USD,2,7.056268,7.056268,on-demand marketplace,rentable,https://cloud.vast.ai/create/,"{""basis"":""official bundles API"",""offerId"":38083493,""reliability"":0.9896986,""location"":""Ohio, US""}"
20260528T035301Z,2026-05-28T03:53:03Z,Vast.ai,B200,rental,B200 x2,14.112536,instance_hour,USD,2,7.056268,7.056268,on-demand marketplace,rentable,https://cloud.vast.ai/create/,"{""basis"":""official bundles API"",""offerId"":37210957,""reliability"":0.9939415,""location"":""Ohio, US""}"
20260528T035301Z,2026-05-28T03:53:03Z,Vast.ai,B200,rental,B200 x4,28.2151,instance_hour,USD,4,7.053775,7.053775,on-demand marketplace,rentable,https://cloud.vast.ai/create/,"{""basis"":""official bundles API"",""offerId"":38083501,""reliability"":0.9896986,""location"":""Ohio, US""}"
20260528T035301Z,2026-05-28T03:53:03Z,Vast.ai,B200,rental,B200 x4,33.343305,instance_hour,USD,4,8.335826,8.335826,on-demand marketplace,rentable,https://cloud.vast.ai/create/,"{""basis"":""official bundles API"",""offerId"":37209696,""reliability"":0.9908202,""location"":""Ohio, US""}"
20260528T040235Z,2026-05-28T04:02:36Z,Vast.ai,B200,rental,B200 x1,7.061254,instance_hour,USD,1,7.061254,7.061254,on-demand marketplace,rentable,https://cloud.vast.ai/create/,"{""basis"":""official bundles API"",""offerId"":38083497,""reliability"":0.9896986,""location"":""Ohio, US""}"
20260528T040235Z,2026-05-28T04:02:36Z,Vast.ai,B200,rental,B200 x1,7.061254,instance_hour,USD,1,7.061254,7.061254,on-demand marketplace,rentable,https://cloud.vast.ai/create/,"{""basis"":""official bundles API"",""offerId"":37210958,""reliability"":0.9939415,""location"":""Ohio, US""}"
20260528T040235Z,2026-05-28T04:02:36Z,Vast.ai,B200,rental,B200 x2,14.112536,instance_hour,USD,2,7.056268,7.056268,on-demand marketplace,rentable,https://cloud.vast.ai/create/,"{""basis"":""official bundles API"",""offerId"":38083492,""reliability"":0.9896986,""location"":""Ohio, US""}"
20260528T040235Z,2026-05-28T04:02:36Z,Vast.ai,B200,rental,B200 x2,14.112536,instance_hour,USD,2,7.056268,7.056268,on-demand marketplace,rentable,https://cloud.vast.ai/create/,"{""basis"":""official bundles API"",""offerId"":37210957,""reliability"":0.9939415,""location"":""Ohio, US""}"
20260528T040235Z,2026-05-28T04:02:36Z,Vast.ai,B200,rental,B200 x4,28.2151,instance_hour,USD,4,7.053775,7.053775,on-demand marketplace,rentable,https://cloud.vast.ai/create/,"{""basis"":""official bundles API"",""offerId"":38083501,""reliability"":0.9896986,""location"":""Ohio, US""}"
20260528T040235Z,2026-05-28T04:02:36Z,Vast.ai,B200,rental,B200 x4,33.343305,instance_hour,USD,4,8.335826,8.335826,on-demand marketplace,rentable,https://cloud.vast.ai/create/,"{""basis"":""official bundles API"",""offerId"":37209696,""reliability"":0.9908202,""location"":""Ohio, US""}"
20260528T040838Z,2026-05-28T04:08:39Z,Vast.ai,B200,rental,B200 x1,7.061254,instance_hour,USD,1,7.061254,7.061254,on-demand marketplace,rentable,https://cloud.vast.ai/create/,"{""basis"":""official bundles API"",""offerId"":38083495,""reliability"":0.9896986,""location"":""Ohio, US""}"
20260528T040838Z,2026-05-28T04:08:39Z,Vast.ai,B200,rental,B200 x1,7.061254,instance_hour,USD,1,7.061254,7.061254,on-demand marketplace,rentable,https://cloud.vast.ai/create/,"{""basis"":""official bundles API"",""offerId"":37210958,""reliability"":0.9939415,""location"":""Ohio, US""}"
20260528T040838Z,2026-05-28T04:08:39Z,Vast.ai,B200,rental,B200 x2,14.112536,instance_hour,USD,2,7.056268,7.056268,on-demand marketplace,rentable,https://cloud.vast.ai/create/,"{""basis"":""official bundles API"",""offerId"":38083492,""reliability"":0.9896986,""location"":""Ohio, US""}"
20260528T040838Z,2026-05-28T04:08:39Z,Vast.ai,B200,rental,B200 x4,28.2151,instance_hour,USD,4,7.053775,7.053775,on-demand marketplace,rentable,https://cloud.vast.ai/create/,"{""basis"":""official bundles API"",""offerId"":38083501,""reliability"":0.9896986,""location"":""Ohio, US""}"
20260528T040838Z,2026-05-28T04:08:39Z,Vast.ai,B200,rental,B200 x4,33.343305,instance_hour,USD,4,8.335826,8.335826,on-demand marketplace,rentable,https://cloud.vast.ai/create/,"{""basis"":""official bundles API"",""offerId"":38185127,""reliability"":0.9908309,""location"":""Ohio, US""}"
20260528T040838Z,2026-05-28T04:08:39Z,Vast.ai,B200,rental,B200 x8,66.676638,instance_hour,USD,8,8.33458,8.33458,on-demand marketplace,rentable,https://cloud.vast.ai/create/,"{""basis"":""official bundles API"",""offerId"":38185125,""reliability"":0.9908309,""location"":""Ohio, US""}"
20260528T041007Z,2026-05-28T04:10:08Z,Vast.ai,B200,rental,B200 x1,7.061254,instance_hour,USD,1,7.061254,7.061254,on-demand marketplace,rentable,https://cloud.vast.ai/create/,"{""basis"":""official bundles API"",""offerId"":38083500,""reliability"":0.9896986,""location"":""Ohio, US""}"
20260528T041007Z,2026-05-28T04:10:08Z,Vast.ai,B200,rental,B200 x1,7.061254,instance_hour,USD,1,7.061254,7.061254,on-demand marketplace,rentable,https://cloud.vast.ai/create/,"{""basis"":""official bundles API"",""offerId"":37210958,""reliability"":0.9939415,""location"":""Ohio, US""}"
20260528T041007Z,2026-05-28T04:10:08Z,Vast.ai,B200,rental,B200 x2,14.112536,instance_hour,USD,2,7.056268,7.056268,on-demand marketplace,rentable,https://cloud.vast.ai/create/,"{""basis"":""official bundles API"",""offerId"":38083492,""reliability"":0.9896986,""location"":""Ohio, US""}"
20260528T041007Z,2026-05-28T04:10:08Z,Vast.ai,B200,rental,B200 x4,28.2151,instance_hour,USD,4,7.053775,7.053775,on-demand marketplace,rentable,https://cloud.vast.ai/create/,"{""basis"":""official bundles API"",""offerId"":38083501,""reliability"":0.9896986,""location"":""Ohio, US""}"
20260528T041007Z,2026-05-28T04:10:08Z,Vast.ai,B200,rental,B200 x4,33.343305,instance_hour,USD,4,8.335826,8.335826,on-demand marketplace,rentable,https://cloud.vast.ai/create/,"{""basis"":""official bundles API"",""offerId"":38185126,""reliability"":0.9908309,""location"":""Ohio, US""}"
20260528T041007Z,2026-05-28T04:10:08Z,Vast.ai,B200,rental,B200 x8,66.676638,instance_hour,USD,8,8.33458,8.33458,on-demand marketplace,rentable,https://cloud.vast.ai/create/,"{""basis"":""official bundles API"",""offerId"":38185125,""reliability"":0.9908309,""location"":""Ohio, US""}"
20260528T041057Z,2026-05-28T04:10:58Z,Vast.ai,B200,rental,B200 x1,7.061254,instance_hour,USD,1,7.061254,7.061254,on-demand marketplace,rentable,https://cloud.vast.ai/create/,"{""basis"":""official bundles API"",""offerId"":38083495,""reliability"":0.9896986,""location"":""Ohio, US""}"
20260528T041057Z,2026-05-28T04:10:58Z,Vast.ai,B200,rental,B200 x1,7.061254,instance_hour,USD,1,7.061254,7.061254,on-demand marketplace,rentable,https://cloud.vast.ai/create/,"{""basis"":""official bundles API"",""offerId"":37210958,""reliability"":0.9939415,""location"":""Ohio, US""}"
20260528T041057Z,2026-05-28T04:10:58Z,Vast.ai,B200,rental,B200 x2,14.112536,instance_hour,USD,2,7.056268,7.056268,on-demand marketplace,rentable,https://cloud.vast.ai/create/,"{""basis"":""official bundles API"",""offerId"":38083493,""reliability"":0.9896986,""location"":""Ohio, US""}"
20260528T041057Z,2026-05-28T04:10:58Z,Vast.ai,B200,rental,B200 x4,28.2151,instance_hour,USD,4,7.053775,7.053775,on-demand marketplace,rentable,https://cloud.vast.ai/create/,"{""basis"":""official bundles API"",""offerId"":38083501,""reliability"":0.9896986,""location"":""Ohio, US""}"
20260528T041057Z,2026-05-28T04:10:58Z,Vast.ai,B200,rental,B200 x4,33.343305,instance_hour,USD,4,8.335826,8.335826,on-demand marketplace,rentable,https://cloud.vast.ai/create/,"{""basis"":""official bundles API"",""offerId"":38185127,""reliability"":0.9908309,""location"":""Ohio, US""}"
20260528T041057Z,2026-05-28T04:10:58Z,Vast.ai,B200,rental,B200 x8,66.676638,instance_hour,USD,8,8.33458,8.33458,on-demand marketplace,rentable,https://cloud.vast.ai/create/,"{""basis"":""official bundles API"",""offerId"":38185125,""reliability"":0.9908309,""location"":""Ohio, US""}"
20260528T041219Z,2026-05-28T04:12:20Z,Vast.ai,B200,rental,B200 x1,7.061254,instance_hour,USD,1,7.061254,7.061254,on-demand marketplace,rentable,https://cloud.vast.ai/create/,"{""basis"":""official bundles API"",""offerId"":38083500,""reliability"":0.9896986,""location"":""Ohio, US""}"
20260528T041219Z,2026-05-28T04:12:20Z,Vast.ai,B200,rental,B200 x1,7.061254,instance_hour,USD,1,7.061254,7.061254,on-demand marketplace,rentable,https://cloud.vast.ai/create/,"{""basis"":""official bundles API"",""offerId"":37210958,""reliability"":0.9939415,""location"":""Ohio, US""}"
20260528T041219Z,2026-05-28T04:12:20Z,Vast.ai,B200,rental,B200 x2,15.394587,instance_hour,USD,2,7.697293,7.697293,on-demand marketplace,rentable,https://cloud.vast.ai/create/,"{""basis"":""official bundles API"",""offerId"":38118244,""reliability"":0.959746,""location"":""Ohio, US""}"
20260528T041219Z,2026-05-28T04:12:20Z,Vast.ai,B200,rental,B200 x4,28.2151,instance_hour,USD,4,7.053775,7.053775,on-demand marketplace,rentable,https://cloud.vast.ai/create/,"{""basis"":""official bundles API"",""offerId"":38083501,""reliability"":0.9896986,""location"":""Ohio, US""}"
20260528T041219Z,2026-05-28T04:12:20Z,Vast.ai,B200,rental,B200 x4,33.343305,instance_hour,USD,4,8.335826,8.335826,on-demand marketplace,rentable,https://cloud.vast.ai/create/,"{""basis"":""official bundles API"",""offerId"":38185126,""reliability"":0.9908309,""location"":""Ohio, US""}"
20260528T041219Z,2026-05-28T04:12:20Z,Vast.ai,B200,rental,B200 x8,66.676638,instance_hour,USD,8,8.33458,8.33458,on-demand marketplace,rentable,https://cloud.vast.ai/create/,"{""basis"":""official bundles API"",""offerId"":38185125,""reliability"":0.9908309,""location"":""Ohio, US""}"
20260528T041255Z,2026-05-28T04:12:56Z,Vast.ai,B200,rental,B200 x1,7.061254,instance_hour,USD,1,7.061254,7.061254,on-demand marketplace,rentable,https://cloud.vast.ai/create/,"{""basis"":""official bundles API"",""offerId"":38083504,""reliability"":0.9896986,""location"":""Ohio, US""}"
20260528T041255Z,2026-05-28T04:12:56Z,Vast.ai,B200,rental,B200 x1,7.061254,instance_hour,USD,1,7.061254,7.061254,on-demand marketplace,rentable,https://cloud.vast.ai/create/,"{""basis"":""official bundles API"",""offerId"":37210958,""reliability"":0.9939415,""location"":""Ohio, US""}"
20260528T041255Z,2026-05-28T04:12:56Z,Vast.ai,B200,rental,B200 x2,15.394587,instance_hour,USD,2,7.697293,7.697293,on-demand marketplace,rentable,https://cloud.vast.ai/create/,"{""basis"":""official bundles API"",""offerId"":38118244,""reliability"":0.959746,""location"":""Ohio, US""}"
20260528T041255Z,2026-05-28T04:12:56Z,Vast.ai,B200,rental,B200 x4,28.2151,instance_hour,USD,4,7.053775,7.053775,on-demand marketplace,rentable,https://cloud.vast.ai/create/,"{""basis"":""official bundles API"",""offerId"":38083501,""reliability"":0.9896986,""location"":""Ohio, US""}"
20260528T041255Z,2026-05-28T04:12:56Z,Vast.ai,B200,rental,B200 x4,33.343305,instance_hour,USD,4,8.335826,8.335826,on-demand marketplace,rentable,https://cloud.vast.ai/create/,"{""basis"":""official bundles API"",""offerId"":38185127,""reliability"":0.9908309,""location"":""Ohio, US""}"
20260528T041255Z,2026-05-28T04:12:56Z,Vast.ai,B200,rental,B200 x8,66.676638,instance_hour,USD,8,8.33458,8.33458,on-demand marketplace,rentable,https://cloud.vast.ai/create/,"{""basis"":""official bundles API"",""offerId"":38185125,""reliability"":0.9908309,""location"":""Ohio, US""}"
20260528T041531Z,2026-05-28T04:15:33Z,Vast.ai,B200,rental,B200 x1,7.061254,instance_hour,USD,1,7.061254,7.061254,on-demand marketplace,rentable,https://cloud.vast.ai/create/,"{""basis"":""official bundles API"",""offerId"":38083500,""reliability"":0.9897297,""location"":""Ohio, US""}"
20260528T041531Z,2026-05-28T04:15:33Z,Vast.ai,B200,rental,B200 x1,7.061254,instance_hour,USD,1,7.061254,7.061254,on-demand marketplace,rentable,https://cloud.vast.ai/create/,"{""basis"":""official bundles API"",""offerId"":37210958,""reliability"":0.9939534,""location"":""Ohio, US""}"
20260528T041531Z,2026-05-28T04:15:33Z,Vast.ai,B200,rental,B200 x2,14.112536,instance_hour,USD,2,7.056268,7.056268,on-demand marketplace,rentable,https://cloud.vast.ai/create/,"{""basis"":""official bundles API"",""offerId"":38083492,""reliability"":0.9897297,""location"":""Ohio, US""}"
20260528T041531Z,2026-05-28T04:15:33Z,Vast.ai,B200,rental,B200 x4,28.2151,instance_hour,USD,4,7.053775,7.053775,on-demand marketplace,rentable,https://cloud.vast.ai/create/,"{""basis"":""official bundles API"",""offerId"":38083501,""reliability"":0.9897297,""location"":""Ohio, US""}"
20260528T041531Z,2026-05-28T04:15:33Z,Vast.ai,B200,rental,B200 x4,33.343305,instance_hour,USD,4,8.335826,8.335826,on-demand marketplace,rentable,https://cloud.vast.ai/create/,"{""basis"":""official bundles API"",""offerId"":38185127,""reliability"":0.9908309,""location"":""Ohio, US""}"
20260528T041531Z,2026-05-28T04:15:33Z,Vast.ai,B200,rental,B200 x8,66.676638,instance_hour,USD,8,8.33458,8.33458,on-demand marketplace,rentable,https://cloud.vast.ai/create/,"{""basis"":""official bundles API"",""offerId"":38185125,""reliability"":0.9908309,""location"":""Ohio, US""}"
20260528T041646Z,2026-05-28T04:16:47Z,Vast.ai,B200,rental,B200 x1,7.061254,instance_hour,USD,1,7.061254,7.061254,on-demand marketplace,rentable,https://cloud.vast.ai/create/,"{""basis"":""official bundles API"",""offerId"":38083497,""reliability"":0.9897297,""location"":""Ohio, US""}"
20260528T041646Z,2026-05-28T04:16:47Z,Vast.ai,B200,rental,B200 x1,7.061254,instance_hour,USD,1,7.061254,7.061254,on-demand marketplace,rentable,https://cloud.vast.ai/create/,"{""basis"":""official bundles API"",""offerId"":37210958,""reliability"":0.9939534,""location"":""Ohio, US""}"
20260528T041646Z,2026-05-28T04:16:47Z,Vast.ai,B200,rental,B200 x2,14.112536,instance_hour,USD,2,7.056268,7.056268,on-demand marketplace,rentable,https://cloud.vast.ai/create/,"{""basis"":""official bundles API"",""offerId"":38083493,""reliability"":0.9897297,""location"":""Ohio, US""}"
20260528T041646Z,2026-05-28T04:16:47Z,Vast.ai,B200,rental,B200 x4,28.2151,instance_hour,USD,4,7.053775,7.053775,on-demand marketplace,rentable,https://cloud.vast.ai/create/,"{""basis"":""official bundles API"",""offerId"":38083501,""reliability"":0.9897297,""location"":""Ohio, US""}"
20260528T041646Z,2026-05-28T04:16:47Z,Vast.ai,B200,rental,B200 x4,33.343305,instance_hour,USD,4,8.335826,8.335826,on-demand marketplace,rentable,https://cloud.vast.ai/create/,"{""basis"":""official bundles API"",""offerId"":38185127,""reliability"":0.9908327,""location"":""Ohio, US""}"
20260528T041646Z,2026-05-28T04:16:47Z,Vast.ai,B200,rental,B200 x8,66.676638,instance_hour,USD,8,8.33458,8.33458,on-demand marketplace,rentable,https://cloud.vast.ai/create/,"{""basis"":""official bundles API"",""offerId"":38185125,""reliability"":0.9908327,""location"":""Ohio, US""}"
20260528T042006Z,2026-05-28T04:20:07Z,Vast.ai,B200,rental,B200 x1,7.061254,instance_hour,USD,1,7.061254,7.061254,on-demand marketplace,rentable,https://cloud.vast.ai/create/,"{""basis"":""official bundles API"",""offerId"":38083495,""reliability"":0.9897297,""location"":""Ohio, US""}"
20260528T042006Z,2026-05-28T04:20:07Z,Vast.ai,B200,rental,B200 x1,7.061254,instance_hour,USD,1,7.061254,7.061254,on-demand marketplace,rentable,https://cloud.vast.ai/create/,"{""basis"":""official bundles API"",""offerId"":37210958,""reliability"":0.9939534,""location"":""Ohio, US""}"
20260528T042006Z,2026-05-28T04:20:07Z,Vast.ai,B200,rental,B200 x2,14.112536,instance_hour,USD,2,7.056268,7.056268,on-demand marketplace,rentable,https://cloud.vast.ai/create/,"{""basis"":""official bundles API"",""offerId"":38083492,""reliability"":0.9897297,""location"":""Ohio, US""}"
20260528T042006Z,2026-05-28T04:20:07Z,Vast.ai,B200,rental,B200 x4,28.2151,instance_hour,USD,4,7.053775,7.053775,on-demand marketplace,rentable,https://cloud.vast.ai/create/,"{""basis"":""official bundles API"",""offerId"":38083501,""reliability"":0.9897297,""location"":""Ohio, US""}"
20260528T042006Z,2026-05-28T04:20:07Z,Vast.ai,B200,rental,B200 x4,33.343305,instance_hour,USD,4,8.335826,8.335826,on-demand marketplace,rentable,https://cloud.vast.ai/create/,"{""basis"":""official bundles API"",""offerId"":38185126,""reliability"":0.9908327,""location"":""Ohio, US""}"
20260528T042006Z,2026-05-28T04:20:07Z,Vast.ai,B200,rental,B200 x8,66.676638,instance_hour,USD,8,8.33458,8.33458,on-demand marketplace,rentable,https://cloud.vast.ai/create/,"{""basis"":""official bundles API"",""offerId"":38185125,""reliability"":0.9908327,""location"":""Ohio, US""}"
20260528T042352Z,2026-05-28T04:23:53Z,Vast.ai,B200,rental,B200 x1,7.061254,instance_hour,USD,1,7.061254,7.061254,on-demand marketplace,rentable,https://cloud.vast.ai/create/,"{""basis"":""official bundles API"",""offerId"":37210958,""reliability"":0.9939534,""location"":""Ohio, US""}"
20260528T042352Z,2026-05-28T04:23:53Z,Vast.ai,B200,rental,B200 x1,7.702279,instance_hour,USD,1,7.702279,7.702279,on-demand marketplace,rentable,https://cloud.vast.ai/create/,"{""basis"":""official bundles API"",""offerId"":38118243,""reliability"":0.9598019,""location"":""Ohio, US""}"
20260528T042352Z,2026-05-28T04:23:53Z,Vast.ai,B200,rental,B200 x2,14.112536,instance_hour,USD,2,7.056268,7.056268,on-demand marketplace,rentable,https://cloud.vast.ai/create/,"{""basis"":""official bundles API"",""offerId"":38083493,""reliability"":0.9897297,""location"":""Ohio, US""}"
20260528T042352Z,2026-05-28T04:23:53Z,Vast.ai,B200,rental,B200 x4,30.779202,instance_hour,USD,4,7.694801,7.694801,on-demand marketplace,rentable,https://cloud.vast.ai/create/,"{""basis"":""official bundles API"",""offerId"":38118247,""reliability"":0.9598019,""location"":""Ohio, US""}"
20260528T042352Z,2026-05-28T04:23:53Z,Vast.ai,B200,rental,B200 x4,33.343305,instance_hour,USD,4,8.335826,8.335826,on-demand marketplace,rentable,https://cloud.vast.ai/create/,"{""basis"":""official bundles API"",""offerId"":38185127,""reliability"":0.9908327,""location"":""Ohio, US""}"
20260528T042352Z,2026-05-28T04:23:53Z,Vast.ai,B200,rental,B200 x8,66.676638,instance_hour,USD,8,8.33458,8.33458,on-demand marketplace,rentable,https://cloud.vast.ai/create/,"{""basis"":""official bundles API"",""offerId"":38185125,""reliability"":0.9908327,""location"":""Ohio, US""}"
20260528T042506Z,2026-05-28T04:25:07Z,Vast.ai,B200,rental,B200 x1,4.232906,instance_hour,USD,1,4.232906,4.232906,on-demand marketplace,rentable,https://cloud.vast.ai/create/,"{""basis"":""official bundles API"",""offerId"":33945596,""reliability"":0.997862,""location"":""Oregon, US""}"
20260528T042506Z,2026-05-28T04:25:07Z,Vast.ai,B200,rental,B200 x1,7.061254,instance_hour,USD,1,7.061254,7.061254,on-demand marketplace,rentable,https://cloud.vast.ai/create/,"{""basis"":""official bundles API"",""offerId"":37210958,""reliability"":0.9939534,""location"":""Ohio, US""}"
20260528T042506Z,2026-05-28T04:25:07Z,Vast.ai,B200,rental,B200 x2,15.394587,instance_hour,USD,2,7.697293,7.697293,on-demand marketplace,rentable,https://cloud.vast.ai/create/,"{""basis"":""official bundles API"",""offerId"":38118249,""reliability"":0.9598019,""location"":""Ohio, US""}"
20260528T042506Z,2026-05-28T04:25:07Z,Vast.ai,B200,rental,B200 x4,30.779202,instance_hour,USD,4,7.694801,7.694801,on-demand marketplace,rentable,https://cloud.vast.ai/create/,"{""basis"":""official bundles API"",""offerId"":38118247,""reliability"":0.9598019,""location"":""Ohio, US""}"
20260528T042506Z,2026-05-28T04:25:07Z,Vast.ai,B200,rental,B200 x4,33.343305,instance_hour,USD,4,8.335826,8.335826,on-demand marketplace,rentable,https://cloud.vast.ai/create/,"{""basis"":""official bundles API"",""offerId"":38185127,""reliability"":0.9908327,""location"":""Ohio, US""}"
20260528T042506Z,2026-05-28T04:25:07Z,Vast.ai,B200,rental,B200 x8,66.676638,instance_hour,USD,8,8.33458,8.33458,on-demand marketplace,rentable,https://cloud.vast.ai/create/,"{""basis"":""official bundles API"",""offerId"":38185125,""reliability"":0.9908327,""location"":""Ohio, US""}"
20260528T055922Z,2026-05-28T05:59:23Z,Vast.ai,B200,rental,B200 x1,7.061254,instance_hour,USD,1,7.061254,7.061254,on-demand marketplace,rentable,https://cloud.vast.ai/create/,"{""basis"":""official bundles API"",""offerId"":38083497,""reliability"":0.9897613,""location"":""Ohio, US""}"
20260528T055922Z,2026-05-28T05:59:23Z,Vast.ai,B200,rental,B200 x1,7.061254,instance_hour,USD,1,7.061254,7.061254,on-demand marketplace,rentable,https://cloud.vast.ai/create/,"{""basis"":""official bundles API"",""offerId"":37210962,""reliability"":0.9939655,""location"":""Ohio, US""}"
20260528T055922Z,2026-05-28T05:59:23Z,Vast.ai,B200,rental,B200 x2,14.112536,instance_hour,USD,2,7.056268,7.056268,on-demand marketplace,rentable,https://cloud.vast.ai/create/,"{""basis"":""official bundles API"",""offerId"":38083493,""reliability"":0.9897613,""location"":""Ohio, US""}"
20260528T055922Z,2026-05-28T05:59:23Z,Vast.ai,B200,rental,B200 x4,28.2151,instance_hour,USD,4,7.053775,7.053775,on-demand marketplace,rentable,https://cloud.vast.ai/create/,"{""basis"":""official bundles API"",""offerId"":38083501,""reliability"":0.9897613,""location"":""Ohio, US""}"
20260528T055922Z,2026-05-28T05:59:23Z,Vast.ai,B200,rental,B200 x4,33.343305,instance_hour,USD,4,8.335826,8.335826,on-demand marketplace,rentable,https://cloud.vast.ai/create/,"{""basis"":""official bundles API"",""offerId"":38185126,""reliability"":0.9908454,""location"":""Ohio, US""}"
20260528T055922Z,2026-05-28T05:59:23Z,Vast.ai,B200,rental,B200 x8,66.676638,instance_hour,USD,8,8.33458,8.33458,on-demand marketplace,rentable,https://cloud.vast.ai/create/,"{""basis"":""official bundles API"",""offerId"":38185125,""reliability"":0.9908454,""location"":""Ohio, US""}"
20260528T055959Z,2026-05-28T06:00:00Z,Vast.ai,B200,rental,B200 x1,7.061254,instance_hour,USD,1,7.061254,7.061254,on-demand marketplace,rentable,https://cloud.vast.ai/create/,"{""basis"":""official bundles API"",""offerId"":38083504,""reliability"":0.9897613,""location"":""Ohio, US""}"
20260528T055959Z,2026-05-28T06:00:00Z,Vast.ai,B200,rental,B200 x1,7.061254,instance_hour,USD,1,7.061254,7.061254,on-demand marketplace,rentable,https://cloud.vast.ai/create/,"{""basis"":""official bundles API"",""offerId"":37210951,""reliability"":0.9939655,""location"":""Ohio, US""}"
20260528T055959Z,2026-05-28T06:00:00Z,Vast.ai,B200,rental,B200 x2,14.112536,instance_hour,USD,2,7.056268,7.056268,on-demand marketplace,rentable,https://cloud.vast.ai/create/,"{""basis"":""official bundles API"",""offerId"":38083493,""reliability"":0.9897613,""location"":""Ohio, US""}"
20260528T055959Z,2026-05-28T06:00:00Z,Vast.ai,B200,rental,B200 x4,28.2151,instance_hour,USD,4,7.053775,7.053775,on-demand marketplace,rentable,https://cloud.vast.ai/create/,"{""basis"":""official bundles API"",""offerId"":38083501,""reliability"":0.9897613,""location"":""Ohio, US""}"
20260528T055959Z,2026-05-28T06:00:00Z,Vast.ai,B200,rental,B200 x4,33.343305,instance_hour,USD,4,8.335826,8.335826,on-demand marketplace,rentable,https://cloud.vast.ai/create/,"{""basis"":""official bundles API"",""offerId"":38185127,""reliability"":0.9908454,""location"":""Ohio, US""}"
20260528T055959Z,2026-05-28T06:00:00Z,Vast.ai,B200,rental,B200 x8,66.676638,instance_hour,USD,8,8.33458,8.33458,on-demand marketplace,rentable,https://cloud.vast.ai/create/,"{""basis"":""official bundles API"",""offerId"":38185125,""reliability"":0.9908454,""location"":""Ohio, US""}"
20260528T071656Z,2026-05-28T07:16:57Z,Vast.ai,B200,rental,B200 x1,7.061254,instance_hour,USD,1,7.061254,7.061254,on-demand marketplace,rentable,https://cloud.vast.ai/create/,"{""basis"":""official bundles API"",""offerId"":37210951,""reliability"":0.9939902,""location"":""Ohio, US""}"
20260528T071656Z,2026-05-28T07:16:57Z,Vast.ai,B200,rental,B200 x1,7.702279,instance_hour,USD,1,7.702279,7.702279,on-demand marketplace,rentable,https://cloud.vast.ai/create/,"{""basis"":""official bundles API"",""offerId"":38118252,""reliability"":0.9599752,""location"":""Ohio, US""}"
20260528T071656Z,2026-05-28T07:16:57Z,Vast.ai,B200,rental,B200 x2,14.112536,instance_hour,USD,2,7.056268,7.056268,on-demand marketplace,rentable,https://cloud.vast.ai/create/,"{""basis"":""official bundles API"",""offerId"":38083493,""reliability"":0.9898248,""location"":""Ohio, US""}"
20260528T071656Z,2026-05-28T07:16:57Z,Vast.ai,B200,rental,B200 x4,30.779202,instance_hour,USD,4,7.694801,7.694801,on-demand marketplace,rentable,https://cloud.vast.ai/create/,"{""basis"":""official bundles API"",""offerId"":38118247,""reliability"":0.9599752,""location"":""Ohio, US""}"
20260528T071656Z,2026-05-28T07:16:57Z,Vast.ai,B200,rental,B200 x4,33.343305,instance_hour,USD,4,8.335826,8.335826,on-demand marketplace,rentable,https://cloud.vast.ai/create/,"{""basis"":""official bundles API"",""offerId"":38185127,""reliability"":0.990871,""location"":""Ohio, US""}"
20260528T071656Z,2026-05-28T07:16:57Z,Vast.ai,B200,rental,B200 x8,66.676638,instance_hour,USD,8,8.33458,8.33458,on-demand marketplace,rentable,https://cloud.vast.ai/create/,"{""basis"":""official bundles API"",""offerId"":38185125,""reliability"":0.990871,""location"":""Ohio, US""}"
20260528T090436Z,2026-05-28T09:04:37Z,Vast.ai,B200,rental,B200 x1,7.061254,instance_hour,USD,1,7.061254,7.061254,on-demand marketplace,rentable,https://cloud.vast.ai/create/,"{""basis"":""official bundles API"",""offerId"":38083504,""reliability"":0.9898564,""location"":""Ohio, US""}"
20260528T090436Z,2026-05-28T09:04:37Z,Vast.ai,B200,rental,B200 x2,8.181624,instance_hour,USD,2,4.090812,4.090812,on-demand marketplace,rentable,https://cloud.vast.ai/create/,"{""basis"":""official bundles API"",""offerId"":36081034,""reliability"":0.9980556,""location"":""Oregon, US""}"
20260528T090436Z,2026-05-28T09:04:37Z,Vast.ai,B200,rental,B200 x2,15.394587,instance_hour,USD,2,7.697293,7.697293,on-demand marketplace,rentable,https://cloud.vast.ai/create/,"{""basis"":""official bundles API"",""offerId"":38118249,""reliability"":0.9600332,""location"":""Ohio, US""}"
20260528T090436Z,2026-05-28T09:04:37Z,Vast.ai,B200,rental,B200 x4,16.361111,instance_hour,USD,4,4.090278,4.090278,on-demand marketplace,rentable,https://cloud.vast.ai/create/,"{""basis"":""official bundles API"",""offerId"":36081032,""reliability"":0.9980556,""location"":""Oregon, US""}"
20260528T090436Z,2026-05-28T09:04:37Z,Vast.ai,B200,rental,B200 x4,30.779202,instance_hour,USD,4,7.694801,7.694801,on-demand marketplace,rentable,https://cloud.vast.ai/create/,"{""basis"":""official bundles API"",""offerId"":38118247,""reliability"":0.9600332,""location"":""Ohio, US""}"
20260528T090436Z,2026-05-28T09:04:37Z,Vast.ai,B200,rental,B200 x4,33.343305,instance_hour,USD,4,8.335826,8.335826,on-demand marketplace,rentable,https://cloud.vast.ai/create/,"{""basis"":""official bundles API"",""offerId"":38185127,""reliability"":0.9908833,""location"":""Ohio, US""}"
20260528T095959Z,2026-05-28T10:00:01Z,Vast.ai,B200,rental,B200 x1,7.061254,instance_hour,USD,1,7.061254,7.061254,on-demand marketplace,rentable,https://cloud.vast.ai/create/,"{""basis"":""official bundles API"",""offerId"":38083500,""reliability"":0.9898876,""location"":""Ohio, US""}"
20260528T095959Z,2026-05-28T10:00:01Z,Vast.ai,B200,rental,B200 x1,7.061254,instance_hour,USD,1,7.061254,7.061254,on-demand marketplace,rentable,https://cloud.vast.ai/create/,"{""basis"":""official bundles API"",""offerId"":37210951,""reliability"":0.9940141,""location"":""Ohio, US""}"
20260528T095959Z,2026-05-28T10:00:01Z,Vast.ai,B200,rental,B200 x2,8.181624,instance_hour,USD,2,4.090812,4.090812,on-demand marketplace,rentable,https://cloud.vast.ai/create/,"{""basis"":""official bundles API"",""offerId"":36081034,""reliability"":0.9980566,""location"":""Oregon, US""}"
20260528T095959Z,2026-05-28T10:00:01Z,Vast.ai,B200,rental,B200 x2,15.394587,instance_hour,USD,2,7.697293,7.697293,on-demand marketplace,rentable,https://cloud.vast.ai/create/,"{""basis"":""official bundles API"",""offerId"":38118244,""reliability"":0.9600888,""location"":""Ohio, US""}"
20260528T095959Z,2026-05-28T10:00:01Z,Vast.ai,B200,rental,B200 x4,30.779202,instance_hour,USD,4,7.694801,7.694801,on-demand marketplace,rentable,https://cloud.vast.ai/create/,"{""basis"":""official bundles API"",""offerId"":38118247,""reliability"":0.9600888,""location"":""Ohio, US""}"
20260528T095959Z,2026-05-28T10:00:01Z,Vast.ai,B200,rental,B200 x4,33.343305,instance_hour,USD,4,8.335826,8.335826,on-demand marketplace,rentable,https://cloud.vast.ai/create/,"{""basis"":""official bundles API"",""offerId"":38185127,""reliability"":0.9908966,""location"":""Ohio, US""}"
20260528T095959Z,2026-05-28T10:00:01Z,Vast.ai,B200,rental,B200 x8,66.676638,instance_hour,USD,8,8.33458,8.33458,on-demand marketplace,rentable,https://cloud.vast.ai/create/,"{""basis"":""official bundles API"",""offerId"":38185125,""reliability"":0.9908966,""location"":""Ohio, US""}"
20260528T105959Z,2026-05-28T11:00:00Z,Vast.ai,B200,rental,B200 x1,4.168803,instance_hour,USD,1,4.168803,4.168803,on-demand marketplace,rentable,https://cloud.vast.ai/create/,"{""basis"":""official bundles API"",""offerId"":36083196,""reliability"":0.9935075,""location"":""Oregon, US""}"
20260528T105959Z,2026-05-28T11:00:00Z,Vast.ai,B200,rental,B200 x1,7.061254,instance_hour,USD,1,7.061254,7.061254,on-demand marketplace,rentable,https://cloud.vast.ai/create/,"{""basis"":""official bundles API"",""offerId"":37210951,""reliability"":0.9940264,""location"":""Ohio, US""}"
20260528T105959Z,2026-05-28T11:00:00Z,Vast.ai,B200,rental,B200 x2,8.181624,instance_hour,USD,2,4.090812,4.090812,on-demand marketplace,rentable,https://cloud.vast.ai/create/,"{""basis"":""official bundles API"",""offerId"":36081034,""reliability"":0.9980576,""location"":""Oregon, US""}"
20260528T105959Z,2026-05-28T11:00:00Z,Vast.ai,B200,rental,B200 x2,14.112536,instance_hour,USD,2,7.056268,7.056268,on-demand marketplace,rentable,https://cloud.vast.ai/create/,"{""basis"":""official bundles API"",""offerId"":38083493,""reliability"":0.9899196,""location"":""Ohio, US""}"
20260528T105959Z,2026-05-28T11:00:00Z,Vast.ai,B200,rental,B200 x4,30.779202,instance_hour,USD,4,7.694801,7.694801,on-demand marketplace,rentable,https://cloud.vast.ai/create/,"{""basis"":""official bundles API"",""offerId"":38118247,""reliability"":0.9601459,""location"":""Ohio, US""}"
20260528T105959Z,2026-05-28T11:00:00Z,Vast.ai,B200,rental,B200 x4,33.343305,instance_hour,USD,4,8.335826,8.335826,on-demand marketplace,rentable,https://cloud.vast.ai/create/,"{""basis"":""official bundles API"",""offerId"":38185126,""reliability"":0.9909097,""location"":""Ohio, US""}"
20260528T105959Z,2026-05-28T11:00:00Z,Vast.ai,B200,rental,B200 x8,66.676638,instance_hour,USD,8,8.33458,8.33458,on-demand marketplace,rentable,https://cloud.vast.ai/create/,"{""basis"":""official bundles API"",""offerId"":38185125,""reliability"":0.9909097,""location"":""Ohio, US""}"
20260528T131639Z,2026-05-28T13:16:40Z,Vast.ai,B200,rental,B200 x1,4.168803,instance_hour,USD,1,4.168803,4.168803,on-demand marketplace,rentable,https://cloud.vast.ai/create/,"{""basis"":""official bundles API"",""offerId"":36083196,""reliability"":0.9935411,""location"":""Oregon, US""}"
20260528T131639Z,2026-05-28T13:16:40Z,Vast.ai,B200,rental,B200 x1,4.232906,instance_hour,USD,1,4.232906,4.232906,on-demand marketplace,rentable,https://cloud.vast.ai/create/,"{""basis"":""official bundles API"",""offerId"":33945592,""reliability"":0.9978708,""location"":""Oregon, US""}"
20260528T131639Z,2026-05-28T13:16:40Z,Vast.ai,B200,rental,B200 x1,7.061254,instance_hour,USD,1,7.061254,7.061254,on-demand marketplace,rentable,https://cloud.vast.ai/create/,"{""basis"":""official bundles API"",""offerId"":38083497,""reliability"":0.9899817,""location"":""Ohio, US""}"
20260528T131639Z,2026-05-28T13:16:40Z,Vast.ai,B200,rental,B200 x1,7.061254,instance_hour,USD,1,7.061254,7.061254,on-demand marketplace,rentable,https://cloud.vast.ai/create/,"{""basis"":""official bundles API"",""offerId"":37210962,""reliability"":0.9940615,""location"":""Ohio, US""}"
20260528T131639Z,2026-05-28T13:16:40Z,Vast.ai,B200,rental,B200 x2,14.112536,instance_hour,USD,2,7.056268,7.056268,on-demand marketplace,rentable,https://cloud.vast.ai/create/,"{""basis"":""official bundles API"",""offerId"":38083493,""reliability"":0.9899817,""location"":""Ohio, US""}"
20260528T131639Z,2026-05-28T13:16:40Z,Vast.ai,B200,rental,B200 x2,15.394587,instance_hour,USD,2,7.697293,7.697293,on-demand marketplace,rentable,https://cloud.vast.ai/create/,"{""basis"":""official bundles API"",""offerId"":38118249,""reliability"":0.9602575,""location"":""Ohio, US""}"
20260528T131639Z,2026-05-28T13:16:40Z,Vast.ai,B200,rental,B200 x4,30.779202,instance_hour,USD,4,7.694801,7.694801,on-demand marketplace,rentable,https://cloud.vast.ai/create/,"{""basis"":""official bundles API"",""offerId"":38118247,""reliability"":0.9602575,""location"":""Ohio, US""}"
20260528T131759Z,2026-05-28T13:18:00Z,Vast.ai,B200,rental,B200 x1,4.168803,instance_hour,USD,1,4.168803,4.168803,on-demand marketplace,rentable,https://cloud.vast.ai/create/,"{""basis"":""official bundles API"",""offerId"":36083196,""reliability"":0.9935411,""location"":""Oregon, US""}"
20260528T131759Z,2026-05-28T13:18:00Z,Vast.ai,B200,rental,B200 x1,4.232906,instance_hour,USD,1,4.232906,4.232906,on-demand marketplace,rentable,https://cloud.vast.ai/create/,"{""basis"":""official bundles API"",""offerId"":33945592,""reliability"":0.9978708,""location"":""Oregon, US""}"
20260528T131759Z,2026-05-28T13:18:00Z,Vast.ai,B200,rental,B200 x1,7.061254,instance_hour,USD,1,7.061254,7.061254,on-demand marketplace,rentable,https://cloud.vast.ai/create/,"{""basis"":""official bundles API"",""offerId"":38083497,""reliability"":0.9900108,""location"":""Ohio, US""}"
20260528T131759Z,2026-05-28T13:18:00Z,Vast.ai,B200,rental,B200 x1,7.061254,instance_hour,USD,1,7.061254,7.061254,on-demand marketplace,rentable,https://cloud.vast.ai/create/,"{""basis"":""official bundles API"",""offerId"":37210962,""reliability"":0.9940615,""location"":""Ohio, US""}"
20260528T131759Z,2026-05-28T13:18:00Z,Vast.ai,B200,rental,B200 x2,14.112536,instance_hour,USD,2,7.056268,7.056268,on-demand marketplace,rentable,https://cloud.vast.ai/create/,"{""basis"":""official bundles API"",""offerId"":38083493,""reliability"":0.9900108,""location"":""Ohio, US""}"
20260528T131759Z,2026-05-28T13:18:00Z,Vast.ai,B200,rental,B200 x2,15.394587,instance_hour,USD,2,7.697293,7.697293,on-demand marketplace,rentable,https://cloud.vast.ai/create/,"{""basis"":""official bundles API"",""offerId"":38118244,""reliability"":0.9603107,""location"":""Ohio, US""}"
20260528T131759Z,2026-05-28T13:18:00Z,Vast.ai,B200,rental,B200 x4,30.779202,instance_hour,USD,4,7.694801,7.694801,on-demand marketplace,rentable,https://cloud.vast.ai/create/,"{""basis"":""official bundles API"",""offerId"":38118247,""reliability"":0.9603107,""location"":""Ohio, US""}"
20260528T135959Z,2026-05-28T14:00:09Z,Vast.ai,B200,rental,B200 x1,4.168803,instance_hour,USD,1,4.168803,4.168803,on-demand marketplace,rentable,https://cloud.vast.ai/create/,"{""basis"":""official bundles API"",""offerId"":36083196,""reliability"":0.9935411,""location"":""Oregon, US""}"
20260528T135959Z,2026-05-28T14:00:09Z,Vast.ai,B200,rental,B200 x1,7.061254,instance_hour,USD,1,7.061254,7.061254,on-demand marketplace,rentable,https://cloud.vast.ai/create/,"{""basis"":""official bundles API"",""offerId"":38083495,""reliability"":0.9900108,""location"":""Ohio, US""}"
20260528T135959Z,2026-05-28T14:00:09Z,Vast.ai,B200,rental,B200 x1,7.061254,instance_hour,USD,1,7.061254,7.061254,on-demand marketplace,rentable,https://cloud.vast.ai/create/,"{""basis"":""official bundles API"",""offerId"":37210951,""reliability"":0.9940615,""location"":""Ohio, US""}"
20260528T135959Z,2026-05-28T14:00:09Z,Vast.ai,B200,rental,B200 x2,14.112536,instance_hour,USD,2,7.056268,7.056268,on-demand marketplace,rentable,https://cloud.vast.ai/create/,"{""basis"":""official bundles API"",""offerId"":37210957,""reliability"":0.9940615,""location"":""Ohio, US""}"
20260528T135959Z,2026-05-28T14:00:09Z,Vast.ai,B200,rental,B200 x2,14.112536,instance_hour,USD,2,7.056268,7.056268,on-demand marketplace,rentable,https://cloud.vast.ai/create/,"{""basis"":""official bundles API"",""offerId"":38083492,""reliability"":0.9900108,""location"":""Ohio, US""}"
20260528T135959Z,2026-05-28T14:00:09Z,Vast.ai,B200,rental,B200 x2,15.394587,instance_hour,USD,2,7.697293,7.697293,on-demand marketplace,rentable,https://cloud.vast.ai/create/,"{""basis"":""official bundles API"",""offerId"":38118249,""reliability"":0.9603107,""location"":""Ohio, US""}"
20260528T181409Z,2026-05-28T18:14:10Z,Vast.ai,B200,rental,B200 x1,8.343305,instance_hour,USD,1,8.343305,8.343305,on-demand marketplace,rentable,https://cloud.vast.ai/create/,"{""basis"":""official bundles API"",""offerId"":38277049,""reliability"":0.9598016,""location"":""Ohio, US""}"
20260528T181409Z,2026-05-28T18:14:10Z,Vast.ai,B200,rental,B200 x2,16.676638,instance_hour,USD,2,8.338319,8.338319,on-demand marketplace,rentable,https://cloud.vast.ai/create/,"{""basis"":""official bundles API"",""offerId"":38251604,""reliability"":0.9901295,""location"":""Ohio, US""}"
20260528T181409Z,2026-05-28T18:14:10Z,Vast.ai,B200,rental,B200 x4,33.343305,instance_hour,USD,4,8.335826,8.335826,on-demand marketplace,rentable,https://cloud.vast.ai/create/,"{""basis"":""official bundles API"",""offerId"":38251607,""reliability"":0.9901295,""location"":""Ohio, US""}"
20260528T183559Z,2026-05-28T18:36:00Z,Vast.ai,B200,rental,B200 x1,4.232906,instance_hour,USD,1,4.232906,4.232906,on-demand marketplace,rentable,https://cloud.vast.ai/create/,"{""basis"":""official bundles API"",""offerId"":33945596,""reliability"":0.9978758,""location"":""Oregon, US""}"
20260528T183559Z,2026-05-28T18:36:00Z,Vast.ai,B200,rental,B200 x1,8.343305,instance_hour,USD,1,8.343305,8.343305,on-demand marketplace,rentable,https://cloud.vast.ai/create/,"{""basis"":""official bundles API"",""offerId"":38277061,""reliability"":0.9599791,""location"":""Ohio, US""}"
20260528T183559Z,2026-05-28T18:36:00Z,Vast.ai,B200,rental,B200 x2,16.676638,instance_hour,USD,2,8.338319,8.338319,on-demand marketplace,rentable,https://cloud.vast.ai/create/,"{""basis"":""official bundles API"",""offerId"":38251604,""reliability"":0.9901597,""location"":""Ohio, US""}"
20260528T183559Z,2026-05-28T18:36:00Z,Vast.ai,B200,rental,B200 x4,18.468483,instance_hour,USD,4,4.617121,4.617121,on-demand marketplace,rentable,https://cloud.vast.ai/create/,"{""basis"":""official bundles API"",""offerId"":30693670,""reliability"":0.993972,""location"":"", US""}"
20260528T183559Z,2026-05-28T18:36:00Z,Vast.ai,B200,rental,B200 x4,33.343305,instance_hour,USD,4,8.335826,8.335826,on-demand marketplace,rentable,https://cloud.vast.ai/create/,"{""basis"":""official bundles API"",""offerId"":38251607,""reliability"":0.9901597,""location"":""Ohio, US""}"
20260528T185959Z,2026-05-28T18:59:59Z,Vast.ai,B200,rental,B200 x1,8.343305,instance_hour,USD,1,8.343305,8.343305,on-demand marketplace,rentable,https://cloud.vast.ai/create/,"{""basis"":""official bundles API"",""offerId"":38277041,""reliability"":0.9599791,""location"":""Ohio, US""}"
20260528T185959Z,2026-05-28T18:59:59Z,Vast.ai,B200,rental,B200 x2,16.676638,instance_hour,USD,2,8.338319,8.338319,on-demand marketplace,rentable,https://cloud.vast.ai/create/,"{""basis"":""official bundles API"",""offerId"":38251605,""reliability"":0.9901597,""location"":""Ohio, US""}"
20260528T185959Z,2026-05-28T18:59:59Z,Vast.ai,B200,rental,B200 x4,18.468483,instance_hour,USD,4,4.617121,4.617121,on-demand marketplace,rentable,https://cloud.vast.ai/create/,"{""basis"":""official bundles API"",""offerId"":30693670,""reliability"":0.993972,""location"":"", US""}"
20260528T185959Z,2026-05-28T18:59:59Z,Vast.ai,B200,rental,B200 x4,33.343305,instance_hour,USD,4,8.335826,8.335826,on-demand marketplace,rentable,https://cloud.vast.ai/create/,"{""basis"":""official bundles API"",""offerId"":38277040,""reliability"":0.9599791,""location"":""Ohio, US""}"
20260528T185959Z,2026-05-28T18:59:59Z,Vast.ai,B200,rental,B200 x4,33.343305,instance_hour,USD,4,8.335826,8.335826,on-demand marketplace,rentable,https://cloud.vast.ai/create/,"{""basis"":""official bundles API"",""offerId"":38251607,""reliability"":0.9901597,""location"":""Ohio, US""}"
20260528T201732Z,2026-05-28T20:17:33Z,Vast.ai,B200,rental,B200 x1,8.343305,instance_hour,USD,1,8.343305,8.343305,on-demand marketplace,rentable,https://cloud.vast.ai/create/,"{""basis"":""official bundles API"",""offerId"":38277041,""reliability"":0.9603052,""location"":""Ohio, US""}"
20260528T201732Z,2026-05-28T20:17:33Z,Vast.ai,B200,rental,B200 x1,8.98433,instance_hour,USD,1,8.98433,8.98433,on-demand marketplace,rentable,https://cloud.vast.ai/create/,"{""basis"":""official bundles API"",""offerId"":37210962,""reliability"":0.9941388,""location"":""Ohio, US""}"
20260528T201732Z,2026-05-28T20:17:33Z,Vast.ai,B200,rental,B200 x2,16.676638,instance_hour,USD,2,8.338319,8.338319,on-demand marketplace,rentable,https://cloud.vast.ai/create/,"{""basis"":""official bundles API"",""offerId"":38251605,""reliability"":0.9902113,""location"":""Ohio, US""}"
20260528T201732Z,2026-05-28T20:17:33Z,Vast.ai,B200,rental,B200 x4,18.468483,instance_hour,USD,4,4.617121,4.617121,on-demand marketplace,rentable,https://cloud.vast.ai/create/,"{""basis"":""official bundles API"",""offerId"":30693671,""reliability"":0.9939779,""location"":"", US""}"
20260528T201732Z,2026-05-28T20:17:33Z,Vast.ai,B200,rental,B200 x4,33.343305,instance_hour,USD,4,8.335826,8.335826,on-demand marketplace,rentable,https://cloud.vast.ai/create/,"{""basis"":""official bundles API"",""offerId"":38277040,""reliability"":0.9603052,""location"":""Ohio, US""}"
20260528T201732Z,2026-05-28T20:17:33Z,Vast.ai,B200,rental,B200 x4,33.343305,instance_hour,USD,4,8.335826,8.335826,on-demand marketplace,rentable,https://cloud.vast.ai/create/,"{""basis"":""official bundles API"",""offerId"":38251607,""reliability"":0.9902113,""location"":""Ohio, US""}"
20260528T201732Z,2026-05-28T20:17:33Z,Vast.ai,B200,rental,B200 x8,36.930021,instance_hour,USD,8,4.616253,4.616253,on-demand marketplace,rentable,https://cloud.vast.ai/create/,"{""basis"":""official bundles API"",""offerId"":30693669,""reliability"":0.9939779,""location"":"", US""}"
20260529T000814Z,2026-05-29T00:08:15Z,Vast.ai,B200,rental,B200 x1,8.98433,instance_hour,USD,1,8.98433,8.98433,on-demand marketplace,rentable,https://cloud.vast.ai/create/,"{""basis"":""official bundles API"",""offerId"":37210951,""reliability"":0.9941749,""location"":""Ohio, US""}"
20260529T000814Z,2026-05-29T00:08:15Z,Vast.ai,B200,rental,B200 x2,16.676638,instance_hour,USD,2,8.338319,8.338319,on-demand marketplace,rentable,https://cloud.vast.ai/create/,"{""basis"":""official bundles API"",""offerId"":38251604,""reliability"":0.9903068,""location"":""Ohio, US""}"
20260529T000814Z,2026-05-29T00:08:15Z,Vast.ai,B200,rental,B200 x4,18.468483,instance_hour,USD,4,4.617121,4.617121,on-demand marketplace,rentable,https://cloud.vast.ai/create/,"{""basis"":""official bundles API"",""offerId"":30693671,""reliability"":0.9939842,""location"":"", US""}"
20260529T000814Z,2026-05-29T00:08:15Z,Vast.ai,B200,rental,B200 x4,33.343305,instance_hour,USD,4,8.335826,8.335826,on-demand marketplace,rentable,https://cloud.vast.ai/create/,"{""basis"":""official bundles API"",""offerId"":38251607,""reliability"":0.9903068,""location"":""Ohio, US""}"
20260529T000814Z,2026-05-29T00:08:15Z,Vast.ai,B200,rental,B200 x8,36.930021,instance_hour,USD,8,4.616253,4.616253,on-demand marketplace,rentable,https://cloud.vast.ai/create/,"{""basis"":""official bundles API"",""offerId"":30693669,""reliability"":0.9939842,""location"":"", US""}"
20260529T013418Z,2026-05-29T01:34:20Z,Vast.ai,B200,rental,B200 x1,4.232906,instance_hour,USD,1,4.232906,4.232906,on-demand marketplace,rentable,https://cloud.vast.ai/create/,"{""basis"":""official bundles API"",""offerId"":33945592,""reliability"":0.9978827,""location"":""Oregon, US""}"
20260529T013418Z,2026-05-29T01:34:20Z,Vast.ai,B200,rental,B200 x1,6.035613,instance_hour,USD,1,6.035613,6.035613,on-demand marketplace,rentable,https://cloud.vast.ai/create/,"{""basis"":""official bundles API"",""offerId"":38323891,""reliability"":0.9608949,""location"":""Ohio, US""}"
20260529T013418Z,2026-05-29T01:34:20Z,Vast.ai,B200,rental,B200 x1,8.98433,instance_hour,USD,1,8.98433,8.98433,on-demand marketplace,rentable,https://cloud.vast.ai/create/,"{""basis"":""official bundles API"",""offerId"":37210951,""reliability"":0.9941972,""location"":""Ohio, US""}"
20260529T013418Z,2026-05-29T01:34:20Z,Vast.ai,B200,rental,B200 x2,12.061254,instance_hour,USD,2,6.030627,6.030627,on-demand marketplace,rentable,https://cloud.vast.ai/create/,"{""basis"":""official bundles API"",""offerId"":38323886,""reliability"":0.9608949,""location"":""Ohio, US""}"
20260529T013418Z,2026-05-29T01:34:20Z,Vast.ai,B200,rental,B200 x2,17.958689,instance_hour,USD,2,8.979345,8.979345,on-demand marketplace,rentable,https://cloud.vast.ai/create/,"{""basis"":""official bundles API"",""offerId"":37210957,""reliability"":0.9941972,""location"":""Ohio, US""}"
20260529T013418Z,2026-05-29T01:34:20Z,Vast.ai,B200,rental,B200 x4,18.468483,instance_hour,USD,4,4.617121,4.617121,on-demand marketplace,rentable,https://cloud.vast.ai/create/,"{""basis"":""official bundles API"",""offerId"":30693671,""reliability"":0.9939875,""location"":"", US""}"
20260529T013418Z,2026-05-29T01:34:20Z,Vast.ai,B200,rental,B200 x4,28.2151,instance_hour,USD,4,7.053775,7.053775,on-demand marketplace,rentable,https://cloud.vast.ai/create/,"{""basis"":""official bundles API"",""offerId"":38251607,""reliability"":0.9903611,""location"":""Ohio, US""}"
20260529T013418Z,2026-05-29T01:34:20Z,Vast.ai,B200,rental,B200 x8,36.930021,instance_hour,USD,8,4.616253,4.616253,on-demand marketplace,rentable,https://cloud.vast.ai/create/,"{""basis"":""official bundles API"",""offerId"":30693669,""reliability"":0.9939875,""location"":"", US""}"
20260529T013453Z,2026-05-29T01:34:55Z,Vast.ai,B200,rental,B200 x1,4.232906,instance_hour,USD,1,4.232906,4.232906,on-demand marketplace,rentable,https://cloud.vast.ai/create/,"{""basis"":""official bundles API"",""offerId"":33945592,""reliability"":0.9978827,""location"":""Oregon, US""}"
20260529T013453Z,2026-05-29T01:34:55Z,Vast.ai,B200,rental,B200 x1,6.035613,instance_hour,USD,1,6.035613,6.035613,on-demand marketplace,rentable,https://cloud.vast.ai/create/,"{""basis"":""official bundles API"",""offerId"":38323891,""reliability"":0.9608949,""location"":""Ohio, US""}"
20260529T013453Z,2026-05-29T01:34:55Z,Vast.ai,B200,rental,B200 x1,8.98433,instance_hour,USD,1,8.98433,8.98433,on-demand marketplace,rentable,https://cloud.vast.ai/create/,"{""basis"":""official bundles API"",""offerId"":37210962,""reliability"":0.9941972,""location"":""Ohio, US""}"
20260529T013453Z,2026-05-29T01:34:55Z,Vast.ai,B200,rental,B200 x2,14.112536,instance_hour,USD,2,7.056268,7.056268,on-demand marketplace,rentable,https://cloud.vast.ai/create/,"{""basis"":""official bundles API"",""offerId"":38251605,""reliability"":0.9903611,""location"":""Ohio, US""}"
20260529T013453Z,2026-05-29T01:34:55Z,Vast.ai,B200,rental,B200 x2,17.958689,instance_hour,USD,2,8.979345,8.979345,on-demand marketplace,rentable,https://cloud.vast.ai/create/,"{""basis"":""official bundles API"",""offerId"":37210957,""reliability"":0.9941972,""location"":""Ohio, US""}"
20260529T013453Z,2026-05-29T01:34:55Z,Vast.ai,B200,rental,B200 x4,18.468483,instance_hour,USD,4,4.617121,4.617121,on-demand marketplace,rentable,https://cloud.vast.ai/create/,"{""basis"":""official bundles API"",""offerId"":30693671,""reliability"":0.9939875,""location"":"", US""}"
20260529T013453Z,2026-05-29T01:34:55Z,Vast.ai,B200,rental,B200 x4,28.2151,instance_hour,USD,4,7.053775,7.053775,on-demand marketplace,rentable,https://cloud.vast.ai/create/,"{""basis"":""official bundles API"",""offerId"":38251607,""reliability"":0.9903611,""location"":""Ohio, US""}"
20260529T013453Z,2026-05-29T01:34:55Z,Vast.ai,B200,rental,B200 x8,36.930021,instance_hour,USD,8,4.616253,4.616253,on-demand marketplace,rentable,https://cloud.vast.ai/create/,"{""basis"":""official bundles API"",""offerId"":30693669,""reliability"":0.9939875,""location"":"", US""}"
20260529T014453Z,2026-05-29T01:44:54Z,Vast.ai,B200,rental,B200 x1,4.232906,instance_hour,USD,1,4.232906,4.232906,on-demand marketplace,rentable,https://cloud.vast.ai/create/,"{""basis"":""official bundles API"",""offerId"":33945587,""reliability"":0.9978827,""location"":""Oregon, US""}"
20260529T014453Z,2026-05-29T01:44:54Z,Vast.ai,B200,rental,B200 x1,6.035613,instance_hour,USD,1,6.035613,6.035613,on-demand marketplace,rentable,https://cloud.vast.ai/create/,"{""basis"":""official bundles API"",""offerId"":38323891,""reliability"":0.9608949,""location"":""Ohio, US""}"
20260529T014453Z,2026-05-29T01:44:54Z,Vast.ai,B200,rental,B200 x1,8.98433,instance_hour,USD,1,8.98433,8.98433,on-demand marketplace,rentable,https://cloud.vast.ai/create/,"{""basis"":""official bundles API"",""offerId"":37210951,""reliability"":0.9941972,""location"":""Ohio, US""}"
20260529T014453Z,2026-05-29T01:44:54Z,Vast.ai,B200,rental,B200 x2,14.112536,instance_hour,USD,2,7.056268,7.056268,on-demand marketplace,rentable,https://cloud.vast.ai/create/,"{""basis"":""official bundles API"",""offerId"":38251605,""reliability"":0.9903611,""location"":""Ohio, US""}"
20260529T014453Z,2026-05-29T01:44:54Z,Vast.ai,B200,rental,B200 x2,17.958689,instance_hour,USD,2,8.979345,8.979345,on-demand marketplace,rentable,https://cloud.vast.ai/create/,"{""basis"":""official bundles API"",""offerId"":37210957,""reliability"":0.9941972,""location"":""Ohio, US""}"
20260529T014453Z,2026-05-29T01:44:54Z,Vast.ai,B200,rental,B200 x4,18.468483,instance_hour,USD,4,4.617121,4.617121,on-demand marketplace,rentable,https://cloud.vast.ai/create/,"{""basis"":""official bundles API"",""offerId"":30693670,""reliability"":0.9939875,""location"":"", US""}"
20260529T014453Z,2026-05-29T01:44:54Z,Vast.ai,B200,rental,B200 x4,28.2151,instance_hour,USD,4,7.053775,7.053775,on-demand marketplace,rentable,https://cloud.vast.ai/create/,"{""basis"":""official bundles API"",""offerId"":38251607,""reliability"":0.9903611,""location"":""Ohio, US""}"
20260529T014453Z,2026-05-29T01:44:54Z,Vast.ai,B200,rental,B200 x8,36.930021,instance_hour,USD,8,4.616253,4.616253,on-demand marketplace,rentable,https://cloud.vast.ai/create/,"{""basis"":""official bundles API"",""offerId"":30693669,""reliability"":0.9939875,""location"":"", US""}"
20260529T015128Z,2026-05-29T01:51:29Z,Vast.ai,B200,rental,B200 x1,6.035613,instance_hour,USD,1,6.035613,6.035613,on-demand marketplace,rentable,https://cloud.vast.ai/create/,"{""basis"":""official bundles API"",""offerId"":38323891,""reliability"":0.9608949,""location"":""Ohio, US""}"
20260529T015128Z,2026-05-29T01:51:29Z,Vast.ai,B200,rental,B200 x1,8.98433,instance_hour,USD,1,8.98433,8.98433,on-demand marketplace,rentable,https://cloud.vast.ai/create/,"{""basis"":""official bundles API"",""offerId"":37210951,""reliability"":0.9941972,""location"":""Ohio, US""}"
20260529T015128Z,2026-05-29T01:51:29Z,Vast.ai,B200,rental,B200 x2,12.061254,instance_hour,USD,2,6.030627,6.030627,on-demand marketplace,rentable,https://cloud.vast.ai/create/,"{""basis"":""official bundles API"",""offerId"":38323886,""reliability"":0.9608949,""location"":""Ohio, US""}"
20260529T015128Z,2026-05-29T01:51:29Z,Vast.ai,B200,rental,B200 x2,17.958689,instance_hour,USD,2,8.979345,8.979345,on-demand marketplace,rentable,https://cloud.vast.ai/create/,"{""basis"":""official bundles API"",""offerId"":37210957,""reliability"":0.9941972,""location"":""Ohio, US""}"
20260529T015128Z,2026-05-29T01:51:29Z,Vast.ai,B200,rental,B200 x4,18.468483,instance_hour,USD,4,4.617121,4.617121,on-demand marketplace,rentable,https://cloud.vast.ai/create/,"{""basis"":""official bundles API"",""offerId"":30693670,""reliability"":0.9939875,""location"":"", US""}"
20260529T015128Z,2026-05-29T01:51:29Z,Vast.ai,B200,rental,B200 x4,28.2151,instance_hour,USD,4,7.053775,7.053775,on-demand marketplace,rentable,https://cloud.vast.ai/create/,"{""basis"":""official bundles API"",""offerId"":38251607,""reliability"":0.9903611,""location"":""Ohio, US""}"
20260529T015128Z,2026-05-29T01:51:29Z,Vast.ai,B200,rental,B200 x8,36.930021,instance_hour,USD,8,4.616253,4.616253,on-demand marketplace,rentable,https://cloud.vast.ai/create/,"{""basis"":""official bundles API"",""offerId"":30693669,""reliability"":0.9939875,""location"":"", US""}"
20260529T015959Z,2026-05-29T02:00:00Z,Vast.ai,B200,rental,B200 x1,6.035613,instance_hour,USD,1,6.035613,6.035613,on-demand marketplace,rentable,https://cloud.vast.ai/create/,"{""basis"":""official bundles API"",""offerId"":38323888,""reliability"":0.9608949,""location"":""Ohio, US""}"
20260529T015959Z,2026-05-29T02:00:00Z,Vast.ai,B200,rental,B200 x1,8.98433,instance_hour,USD,1,8.98433,8.98433,on-demand marketplace,rentable,https://cloud.vast.ai/create/,"{""basis"":""official bundles API"",""offerId"":37210962,""reliability"":0.9941972,""location"":""Ohio, US""}"
20260529T015959Z,2026-05-29T02:00:00Z,Vast.ai,B200,rental,B200 x2,12.061254,instance_hour,USD,2,6.030627,6.030627,on-demand marketplace,rentable,https://cloud.vast.ai/create/,"{""basis"":""official bundles API"",""offerId"":38323886,""reliability"":0.9608949,""location"":""Ohio, US""}"
20260529T015959Z,2026-05-29T02:00:00Z,Vast.ai,B200,rental,B200 x2,17.958689,instance_hour,USD,2,8.979345,8.979345,on-demand marketplace,rentable,https://cloud.vast.ai/create/,"{""basis"":""official bundles API"",""offerId"":37210957,""reliability"":0.9941972,""location"":""Ohio, US""}"
20260529T015959Z,2026-05-29T02:00:00Z,Vast.ai,B200,rental,B200 x4,18.468483,instance_hour,USD,4,4.617121,4.617121,on-demand marketplace,rentable,https://cloud.vast.ai/create/,"{""basis"":""official bundles API"",""offerId"":30693671,""reliability"":0.9939875,""location"":"", US""}"
20260529T015959Z,2026-05-29T02:00:00Z,Vast.ai,B200,rental,B200 x4,28.2151,instance_hour,USD,4,7.053775,7.053775,on-demand marketplace,rentable,https://cloud.vast.ai/create/,"{""basis"":""official bundles API"",""offerId"":38251607,""reliability"":0.9903611,""location"":""Ohio, US""}"
20260529T015959Z,2026-05-29T02:00:00Z,Vast.ai,B200,rental,B200 x8,36.930021,instance_hour,USD,8,4.616253,4.616253,on-demand marketplace,rentable,https://cloud.vast.ai/create/,"{""basis"":""official bundles API"",""offerId"":30693669,""reliability"":0.9939875,""location"":"", US""}"
20260529T025959Z,2026-05-29T03:00:00Z,Vast.ai,B200,rental,B200 x1,4.232906,instance_hour,USD,1,4.232906,4.232906,on-demand marketplace,rentable,https://cloud.vast.ai/create/,"{""basis"":""official bundles API"",""offerId"":33945587,""reliability"":0.9978837,""location"":""Oregon, US""}"
20260529T025959Z,2026-05-29T03:00:00Z,Vast.ai,B200,rental,B200 x1,6.035613,instance_hour,USD,1,6.035613,6.035613,on-demand marketplace,rentable,https://cloud.vast.ai/create/,"{""basis"":""official bundles API"",""offerId"":38323898,""reliability"":0.9609501,""location"":""Ohio, US""}"
20260529T025959Z,2026-05-29T03:00:00Z,Vast.ai,B200,rental,B200 x2,12.061254,instance_hour,USD,2,6.030627,6.030627,on-demand marketplace,rentable,https://cloud.vast.ai/create/,"{""basis"":""official bundles API"",""offerId"":38323886,""reliability"":0.9609501,""location"":""Ohio, US""}"
20260529T025959Z,2026-05-29T03:00:00Z,Vast.ai,B200,rental,B200 x4,28.2151,instance_hour,USD,4,7.053775,7.053775,on-demand marketplace,rentable,https://cloud.vast.ai/create/,"{""basis"":""official bundles API"",""offerId"":38251607,""reliability"":0.9903879,""location"":""Ohio, US""}"
20260529T042622Z,2026-05-29T04:26:23Z,Vast.ai,B200,rental,B200 x1,4.168803,instance_hour,USD,1,4.168803,4.168803,on-demand marketplace,rentable,https://cloud.vast.ai/create/,"{""basis"":""official bundles API"",""offerId"":36083205,""reliability"":0.9937095,""location"":""Oregon, US""}"
20260529T042622Z,2026-05-29T04:26:23Z,Vast.ai,B200,rental,B200 x1,4.232906,instance_hour,USD,1,4.232906,4.232906,on-demand marketplace,rentable,https://cloud.vast.ai/create/,"{""basis"":""official bundles API"",""offerId"":33945587,""reliability"":0.9978856,""location"":""Oregon, US""}"
20260529T042622Z,2026-05-29T04:26:23Z,Vast.ai,B200,rental,B200 x2,8.33547,instance_hour,USD,2,4.167735,4.167735,on-demand marketplace,rentable,https://cloud.vast.ai/create/,"{""basis"":""official bundles API"",""offerId"":36083204,""reliability"":0.9937095,""location"":""Oregon, US""}"
20260529T042622Z,2026-05-29T04:26:23Z,Vast.ai,B200,rental,B200 x2,14.112536,instance_hour,USD,2,7.056268,7.056268,on-demand marketplace,rentable,https://cloud.vast.ai/create/,"{""basis"":""official bundles API"",""offerId"":38251604,""reliability"":0.9904412,""location"":""Ohio, US""}"
20260529T042622Z,2026-05-29T04:26:23Z,Vast.ai,B200,rental,B200 x4,18.468483,instance_hour,USD,4,4.617121,4.617121,on-demand marketplace,rentable,https://cloud.vast.ai/create/,"{""basis"":""official bundles API"",""offerId"":30693671,""reliability"":0.9939965,""location"":"", US""}"
20260529T042622Z,2026-05-29T04:26:23Z,Vast.ai,B200,rental,B200 x4,28.2151,instance_hour,USD,4,7.053775,7.053775,on-demand marketplace,rentable,https://cloud.vast.ai/create/,"{""basis"":""official bundles API"",""offerId"":38251607,""reliability"":0.9904412,""location"":""Ohio, US""}"
20260529T042622Z,2026-05-29T04:26:23Z,Vast.ai,B200,rental,B200 x8,36.930021,instance_hour,USD,8,4.616253,4.616253,on-demand marketplace,rentable,https://cloud.vast.ai/create/,"{""basis"":""official bundles API"",""offerId"":30693669,""reliability"":0.9939965,""location"":"", US""}"
20260529T045959Z,2026-05-29T05:00:01Z,Vast.ai,B200,rental,B200 x1,4.232906,instance_hour,USD,1,4.232906,4.232906,on-demand marketplace,rentable,https://cloud.vast.ai/create/,"{""basis"":""official bundles API"",""offerId"":33945587,""reliability"":0.9978856,""location"":""Oregon, US""}"
20260529T045959Z,2026-05-29T05:00:01Z,Vast.ai,B200,rental,B200 x1,6.035613,instance_hour,USD,1,6.035613,6.035613,on-demand marketplace,rentable,https://cloud.vast.ai/create/,"{""basis"":""official bundles API"",""offerId"":38323892,""reliability"":0.9610582,""location"":""Ohio, US""}"
20260529T045959Z,2026-05-29T05:00:01Z,Vast.ai,B200,rental,B200 x2,12.061254,instance_hour,USD,2,6.030627,6.030627,on-demand marketplace,rentable,https://cloud.vast.ai/create/,"{""basis"":""official bundles API"",""offerId"":38323882,""reliability"":0.9610582,""location"":""Ohio, US""}"
20260529T045959Z,2026-05-29T05:00:01Z,Vast.ai,B200,rental,B200 x4,18.468483,instance_hour,USD,4,4.617121,4.617121,on-demand marketplace,rentable,https://cloud.vast.ai/create/,"{""basis"":""official bundles API"",""offerId"":30693671,""reliability"":0.9939965,""location"":"", US""}"
20260529T045959Z,2026-05-29T05:00:01Z,Vast.ai,B200,rental,B200 x8,36.930021,instance_hour,USD,8,4.616253,4.616253,on-demand marketplace,rentable,https://cloud.vast.ai/create/,"{""basis"":""official bundles API"",""offerId"":30693669,""reliability"":0.9939965,""location"":"", US""}"
20260529T075129Z,2026-05-29T07:51:30Z,Vast.ai,B200,rental,B200 x1,4.232906,instance_hour,USD,1,4.232906,4.232906,on-demand marketplace,rentable,https://cloud.vast.ai/create/,"{""basis"":""official bundles API"",""offerId"":33945587,""reliability"":0.9978885,""location"":""Oregon, US""}"
20260529T075129Z,2026-05-29T07:51:30Z,Vast.ai,B200,rental,B200 x1,8.343305,instance_hour,USD,1,8.343305,8.343305,on-demand marketplace,rentable,https://cloud.vast.ai/create/,"{""basis"":""official bundles API"",""offerId"":38323898,""reliability"":0.9612185,""location"":""Ohio, US""}"
20260529T075129Z,2026-05-29T07:51:30Z,Vast.ai,B200,rental,B200 x1,8.98433,instance_hour,USD,1,8.98433,8.98433,on-demand marketplace,rentable,https://cloud.vast.ai/create/,"{""basis"":""official bundles API"",""offerId"":37210960,""reliability"":0.9942627,""location"":""Ohio, US""}"
20260529T075129Z,2026-05-29T07:51:30Z,Vast.ai,B200,rental,B200 x2,16.676638,instance_hour,USD,2,8.338319,8.338319,on-demand marketplace,rentable,https://cloud.vast.ai/create/,"{""basis"":""official bundles API"",""offerId"":38323886,""reliability"":0.9612185,""location"":""Ohio, US""}"
20260529T075129Z,2026-05-29T07:51:30Z,Vast.ai,B200,rental,B200 x4,18.468483,instance_hour,USD,4,4.617121,4.617121,on-demand marketplace,rentable,https://cloud.vast.ai/create/,"{""basis"":""official bundles API"",""offerId"":30693670,""reliability"":0.9940007,""location"":"", US""}"
20260529T075129Z,2026-05-29T07:51:30Z,Vast.ai,B200,rental,B200 x4,33.343305,instance_hour,USD,4,8.335826,8.335826,on-demand marketplace,rentable,https://cloud.vast.ai/create/,"{""basis"":""official bundles API"",""offerId"":38323895,""reliability"":0.9612185,""location"":""Ohio, US""}"
20260529T075129Z,2026-05-29T07:51:30Z,Vast.ai,B200,rental,B200 x8,36.930021,instance_hour,USD,8,4.616253,4.616253,on-demand marketplace,rentable,https://cloud.vast.ai/create/,"{""basis"":""official bundles API"",""offerId"":30693669,""reliability"":0.9940007,""location"":"", US""}"
20260529T081645Z,2026-05-29T08:16:46Z,Vast.ai,B200,rental,B200 x1,4.232906,instance_hour,USD,1,4.232906,4.232906,on-demand marketplace,rentable,https://cloud.vast.ai/create/,"{""basis"":""official bundles API"",""offerId"":33945587,""reliability"":0.9978894,""location"":""Oregon, US""}"
20260529T081645Z,2026-05-29T08:16:46Z,Vast.ai,B200,rental,B200 x1,8.343305,instance_hour,USD,1,8.343305,8.343305,on-demand marketplace,rentable,https://cloud.vast.ai/create/,"{""basis"":""official bundles API"",""offerId"":38323891,""reliability"":0.9612709,""location"":""Ohio, US""}"
20260529T081645Z,2026-05-29T08:16:46Z,Vast.ai,B200,rental,B200 x1,8.98433,instance_hour,USD,1,8.98433,8.98433,on-demand marketplace,rentable,https://cloud.vast.ai/create/,"{""basis"":""official bundles API"",""offerId"":37210960,""reliability"":0.9942733,""location"":""Ohio, US""}"
20260529T081645Z,2026-05-29T08:16:46Z,Vast.ai,B200,rental,B200 x2,16.676638,instance_hour,USD,2,8.338319,8.338319,on-demand marketplace,rentable,https://cloud.vast.ai/create/,"{""basis"":""official bundles API"",""offerId"":38323893,""reliability"":0.9612709,""location"":""Ohio, US""}"
20260529T081645Z,2026-05-29T08:16:46Z,Vast.ai,B200,rental,B200 x4,18.468483,instance_hour,USD,4,4.617121,4.617121,on-demand marketplace,rentable,https://cloud.vast.ai/create/,"{""basis"":""official bundles API"",""offerId"":30693671,""reliability"":0.9940021,""location"":"", US""}"
20260529T081645Z,2026-05-29T08:16:46Z,Vast.ai,B200,rental,B200 x4,33.343305,instance_hour,USD,4,8.335826,8.335826,on-demand marketplace,rentable,https://cloud.vast.ai/create/,"{""basis"":""official bundles API"",""offerId"":38323895,""reliability"":0.9612709,""location"":""Ohio, US""}"
20260529T081645Z,2026-05-29T08:16:46Z,Vast.ai,B200,rental,B200 x8,36.930021,instance_hour,USD,8,4.616253,4.616253,on-demand marketplace,rentable,https://cloud.vast.ai/create/,"{""basis"":""official bundles API"",""offerId"":30693669,""reliability"":0.9940021,""location"":"", US""}"
20260529T094810Z,2026-05-29T09:48:11Z,Vast.ai,B200,rental,B200 x1,8.343305,instance_hour,USD,1,8.343305,8.343305,on-demand marketplace,rentable,https://cloud.vast.ai/create/,"{""basis"":""official bundles API"",""offerId"":38323881,""reliability"":0.9613237,""location"":""Ohio, US""}"
20260529T094810Z,2026-05-29T09:48:11Z,Vast.ai,B200,rental,B200 x1,8.98433,instance_hour,USD,1,8.98433,8.98433,on-demand marketplace,rentable,https://cloud.vast.ai/create/,"{""basis"":""official bundles API"",""offerId"":37210960,""reliability"":0.9942839,""location"":""Ohio, US""}"
20260529T094810Z,2026-05-29T09:48:11Z,Vast.ai,B200,rental,B200 x2,16.676638,instance_hour,USD,2,8.338319,8.338319,on-demand marketplace,rentable,https://cloud.vast.ai/create/,"{""basis"":""official bundles API"",""offerId"":38323882,""reliability"":0.9613237,""location"":""Ohio, US""}"
20260529T094810Z,2026-05-29T09:48:11Z,Vast.ai,B200,rental,B200 x4,18.468483,instance_hour,USD,4,4.617121,4.617121,on-demand marketplace,rentable,https://cloud.vast.ai/create/,"{""basis"":""official bundles API"",""offerId"":30693671,""reliability"":0.9940035,""location"":"", US""}"
20260529T094810Z,2026-05-29T09:48:11Z,Vast.ai,B200,rental,B200 x4,33.343305,instance_hour,USD,4,8.335826,8.335826,on-demand marketplace,rentable,https://cloud.vast.ai/create/,"{""basis"":""official bundles API"",""offerId"":38323895,""reliability"":0.9613237,""location"":""Ohio, US""}"
20260529T094810Z,2026-05-29T09:48:11Z,Vast.ai,B200,rental,B200 x8,36.930021,instance_hour,USD,8,4.616253,4.616253,on-demand marketplace,rentable,https://cloud.vast.ai/create/,"{""basis"":""official bundles API"",""offerId"":30693669,""reliability"":0.9940035,""location"":"", US""}"
20260529T095959Z,2026-05-29T10:00:00Z,Vast.ai,B200,rental,B200 x1,8.343305,instance_hour,USD,1,8.343305,8.343305,on-demand marketplace,rentable,https://cloud.vast.ai/create/,"{""basis"":""official bundles API"",""offerId"":38323883,""reliability"":0.9613237,""location"":""Ohio, US""}"
20260529T095959Z,2026-05-29T10:00:00Z,Vast.ai,B200,rental,B200 x1,8.98433,instance_hour,USD,1,8.98433,8.98433,on-demand marketplace,rentable,https://cloud.vast.ai/create/,"{""basis"":""official bundles API"",""offerId"":37210960,""reliability"":0.9942839,""location"":""Ohio, US""}"
20260529T095959Z,2026-05-29T10:00:00Z,Vast.ai,B200,rental,B200 x2,16.676638,instance_hour,USD,2,8.338319,8.338319,on-demand marketplace,rentable,https://cloud.vast.ai/create/,"{""basis"":""official bundles API"",""offerId"":38323882,""reliability"":0.9613237,""location"":""Ohio, US""}"
20260529T095959Z,2026-05-29T10:00:00Z,Vast.ai,B200,rental,B200 x4,18.468483,instance_hour,USD,4,4.617121,4.617121,on-demand marketplace,rentable,https://cloud.vast.ai/create/,"{""basis"":""official bundles API"",""offerId"":30693670,""reliability"":0.9940035,""location"":"", US""}"
20260529T095959Z,2026-05-29T10:00:00Z,Vast.ai,B200,rental,B200 x4,33.343305,instance_hour,USD,4,8.335826,8.335826,on-demand marketplace,rentable,https://cloud.vast.ai/create/,"{""basis"":""official bundles API"",""offerId"":38323895,""reliability"":0.9613237,""location"":""Ohio, US""}"
20260529T095959Z,2026-05-29T10:00:00Z,Vast.ai,B200,rental,B200 x8,36.930021,instance_hour,USD,8,4.616253,4.616253,on-demand marketplace,rentable,https://cloud.vast.ai/create/,"{""basis"":""official bundles API"",""offerId"":30693669,""reliability"":0.9940035,""location"":"", US""}"
20260529T120028Z,2026-05-29T12:00:29Z,Vast.ai,B200,rental,B200 x1,8.343305,instance_hour,USD,1,8.343305,8.343305,on-demand marketplace,rentable,https://cloud.vast.ai/create/,"{""basis"":""official bundles API"",""offerId"":38323898,""reliability"":0.9614293,""location"":""Ohio, US""}"
20260529T120028Z,2026-05-29T12:00:29Z,Vast.ai,B200,rental,B200 x1,8.98433,instance_hour,USD,1,8.98433,8.98433,on-demand marketplace,rentable,https://cloud.vast.ai/create/,"{""basis"":""official bundles API"",""offerId"":37210960,""reliability"":0.9943049,""location"":""Ohio, US""}"
20260529T120028Z,2026-05-29T12:00:29Z,Vast.ai,B200,rental,B200 x2,14.112536,instance_hour,USD,2,7.056268,7.056268,on-demand marketplace,rentable,https://cloud.vast.ai/create/,"{""basis"":""official bundles API"",""offerId"":38251605,""reliability"":0.9906269,""location"":""Ohio, US""}"
20260529T120028Z,2026-05-29T12:00:29Z,Vast.ai,B200,rental,B200 x4,18.468483,instance_hour,USD,4,4.617121,4.617121,on-demand marketplace,rentable,https://cloud.vast.ai/create/,"{""basis"":""official bundles API"",""offerId"":30693671,""reliability"":0.9940071,""location"":"", US""}"
20260529T120028Z,2026-05-29T12:00:29Z,Vast.ai,B200,rental,B200 x4,28.2151,instance_hour,USD,4,7.053775,7.053775,on-demand marketplace,rentable,https://cloud.vast.ai/create/,"{""basis"":""official bundles API"",""offerId"":38251607,""reliability"":0.9906269,""location"":""Ohio, US""}"
20260529T120028Z,2026-05-29T12:00:29Z,Vast.ai,B200,rental,B200 x4,33.343305,instance_hour,USD,4,8.335826,8.335826,on-demand marketplace,rentable,https://cloud.vast.ai/create/,"{""basis"":""official bundles API"",""offerId"":38323895,""reliability"":0.9614293,""location"":""Ohio, US""}"
20260529T120028Z,2026-05-29T12:00:29Z,Vast.ai,B200,rental,B200 x8,36.930021,instance_hour,USD,8,4.616253,4.616253,on-demand marketplace,rentable,https://cloud.vast.ai/create/,"{""basis"":""official bundles API"",""offerId"":30693669,""reliability"":0.9940071,""location"":"", US""}"
20260529T165707Z,2026-05-29T16:57:08Z,Vast.ai,B200,rental,B200 x1,4.168803,instance_hour,USD,1,4.168803,4.168803,on-demand marketplace,rentable,https://cloud.vast.ai/create/,"{""basis"":""official bundles API"",""offerId"":36083196,""reliability"":0.9938356,""location"":""Oregon, US""}"
20260529T165707Z,2026-05-29T16:57:08Z,Vast.ai,B200,rental,B200 x2,8.33547,instance_hour,USD,2,4.167735,4.167735,on-demand marketplace,rentable,https://cloud.vast.ai/create/,"{""basis"":""official bundles API"",""offerId"":36083204,""reliability"":0.9938356,""location"":""Oregon, US""}"
20260529T165707Z,2026-05-29T16:57:08Z,Vast.ai,B200,rental,B200 x1,8.98433,instance_hour,USD,1,8.98433,8.98433,on-demand marketplace,rentable,https://cloud.vast.ai/create/,"{""basis"":""official bundles API"",""offerId"":37210951,""reliability"":0.9943545,""location"":""Ohio, US""}"
20260529T165707Z,2026-05-29T16:57:08Z,Vast.ai,B200,rental,B200 x2,12.061254,instance_hour,USD,2,6.030627,6.030627,on-demand marketplace,rentable,https://cloud.vast.ai/create/,"{""basis"":""official bundles API"",""offerId"":38251604,""reliability"":0.9907623,""location"":""Ohio, US""}"
20260529T165707Z,2026-05-29T16:57:08Z,Vast.ai,B200,rental,B200 x2,12.804843,instance_hour,USD,2,6.402422,6.402422,on-demand marketplace,rentable,https://cloud.vast.ai/create/,"{""basis"":""official bundles API"",""offerId"":38427002,""reliability"":0.924818,""location"":""Ohio, US""}"
20260529T165707Z,2026-05-29T16:57:08Z,Vast.ai,B200,rental,B200 x2,17.958689,instance_hour,USD,2,8.979345,8.979345,on-demand marketplace,rentable,https://cloud.vast.ai/create/,"{""basis"":""official bundles API"",""offerId"":37210961,""reliability"":0.9943545,""location"":""Ohio, US""}"
20260529T165707Z,2026-05-29T16:57:08Z,Vast.ai,B200,rental,B200 x4,20.514904,instance_hour,USD,4,5.128726,5.128726,on-demand marketplace,rentable,https://cloud.vast.ai/create/,"{""basis"":""official bundles API"",""offerId"":37112599,""reliability"":0.9874424,""location"":"", US""}"
20260529T165707Z,2026-05-29T16:57:08Z,Vast.ai,B200,rental,B200 x4,24.112536,instance_hour,USD,4,6.028134,6.028134,on-demand marketplace,rentable,https://cloud.vast.ai/create/,"{""basis"":""official bundles API"",""offerId"":38251607,""reliability"":0.9907623,""location"":""Ohio, US""}"
20260529T165707Z,2026-05-29T16:57:08Z,Vast.ai,B200,rental,B200 x4,25.599715,instance_hour,USD,4,6.399929,6.399929,on-demand marketplace,rentable,https://cloud.vast.ai/create/,"{""basis"":""official bundles API"",""offerId"":38410549,""reliability"":0.9616886,""location"":""Ohio, US""}"
20260529T165707Z,2026-05-29T16:57:08Z,Vast.ai,B200,rental,B200 x8,51.189459,instance_hour,USD,8,6.398682,6.398682,on-demand marketplace,rentable,https://cloud.vast.ai/create/,"{""basis"":""official bundles API"",""offerId"":38427005,""reliability"":0.924818,""location"":""Ohio, US""}"
20260529T165959Z,2026-05-29T17:00:01Z,Vast.ai,B200,rental,B200 x1,4.168803,instance_hour,USD,1,4.168803,4.168803,on-demand marketplace,rentable,https://cloud.vast.ai/create/,"{""basis"":""official bundles API"",""offerId"":36083196,""reliability"":0.9938356,""location"":""Oregon, US""}"
20260529T165959Z,2026-05-29T17:00:01Z,Vast.ai,B200,rental,B200 x2,8.33547,instance_hour,USD,2,4.167735,4.167735,on-demand marketplace,rentable,https://cloud.vast.ai/create/,"{""basis"":""official bundles API"",""offerId"":36083204,""reliability"":0.9938356,""location"":""Oregon, US""}"
20260529T165959Z,2026-05-29T17:00:01Z,Vast.ai,B200,rental,B200 x1,8.98433,instance_hour,USD,1,8.98433,8.98433,on-demand marketplace,rentable,https://cloud.vast.ai/create/,"{""basis"":""official bundles API"",""offerId"":37210951,""reliability"":0.9943545,""location"":""Ohio, US""}"
20260529T165959Z,2026-05-29T17:00:01Z,Vast.ai,B200,rental,B200 x2,12.061254,instance_hour,USD,2,6.030627,6.030627,on-demand marketplace,rentable,https://cloud.vast.ai/create/,"{""basis"":""official bundles API"",""offerId"":38251604,""reliability"":0.9907623,""location"":""Ohio, US""}"
20260529T165959Z,2026-05-29T17:00:01Z,Vast.ai,B200,rental,B200 x2,12.804843,instance_hour,USD,2,6.402422,6.402422,on-demand marketplace,rentable,https://cloud.vast.ai/create/,"{""basis"":""official bundles API"",""offerId"":38426999,""reliability"":0.924818,""location"":""Ohio, US""}"
20260529T165959Z,2026-05-29T17:00:01Z,Vast.ai,B200,rental,B200 x2,17.958689,instance_hour,USD,2,8.979345,8.979345,on-demand marketplace,rentable,https://cloud.vast.ai/create/,"{""basis"":""official bundles API"",""offerId"":37210961,""reliability"":0.9943545,""location"":""Ohio, US""}"
20260529T165959Z,2026-05-29T17:00:01Z,Vast.ai,B200,rental,B200 x4,20.514904,instance_hour,USD,4,5.128726,5.128726,on-demand marketplace,rentable,https://cloud.vast.ai/create/,"{""basis"":""official bundles API"",""offerId"":37112599,""reliability"":0.9874424,""location"":"", US""}"
20260529T165959Z,2026-05-29T17:00:01Z,Vast.ai,B200,rental,B200 x4,24.112536,instance_hour,USD,4,6.028134,6.028134,on-demand marketplace,rentable,https://cloud.vast.ai/create/,"{""basis"":""official bundles API"",""offerId"":38251607,""reliability"":0.9907623,""location"":""Ohio, US""}"
20260529T165959Z,2026-05-29T17:00:01Z,Vast.ai,B200,rental,B200 x4,25.599715,instance_hour,USD,4,6.399929,6.399929,on-demand marketplace,rentable,https://cloud.vast.ai/create/,"{""basis"":""official bundles API"",""offerId"":38410549,""reliability"":0.9616886,""location"":""Ohio, US""}"
20260529T165959Z,2026-05-29T17:00:01Z,Vast.ai,B200,rental,B200 x8,51.189459,instance_hour,USD,8,6.398682,6.398682,on-demand marketplace,rentable,https://cloud.vast.ai/create/,"{""basis"":""official bundles API"",""offerId"":38427005,""reliability"":0.924818,""location"":""Ohio, US""}"
20260529T171330Z,2026-05-29T17:13:31Z,Vast.ai,B200,rental,B200 x1,4.168803,instance_hour,USD,1,4.168803,4.168803,on-demand marketplace,rentable,https://cloud.vast.ai/create/,"{""basis"":""official bundles API"",""offerId"":36083196,""reliability"":0.9938459,""location"":""Oregon, US""}"
20260529T171330Z,2026-05-29T17:13:31Z,Vast.ai,B200,rental,B200 x2,8.181624,instance_hour,USD,2,4.090812,4.090812,on-demand marketplace,rentable,https://cloud.vast.ai/create/,"{""basis"":""official bundles API"",""offerId"":36081035,""reliability"":0.998089,""location"":""Oregon, US""}"
20260529T171330Z,2026-05-29T17:13:31Z,Vast.ai,B200,rental,B200 x1,8.98433,instance_hour,USD,1,8.98433,8.98433,on-demand marketplace,rentable,https://cloud.vast.ai/create/,"{""basis"":""official bundles API"",""offerId"":37210960,""reliability"":0.9943545,""location"":""Ohio, US""}"
20260529T171330Z,2026-05-29T17:13:31Z,Vast.ai,B200,rental,B200 x2,12.804843,instance_hour,USD,2,6.402422,6.402422,on-demand marketplace,rentable,https://cloud.vast.ai/create/,"{""basis"":""official bundles API"",""offerId"":38410541,""reliability"":0.9616886,""location"":""Ohio, US""}"
20260529T171330Z,2026-05-29T17:13:31Z,Vast.ai,B200,rental,B200 x2,17.958689,instance_hour,USD,2,8.979345,8.979345,on-demand marketplace,rentable,https://cloud.vast.ai/create/,"{""basis"":""official bundles API"",""offerId"":37210961,""reliability"":0.9943545,""location"":""Ohio, US""}"
20260529T171330Z,2026-05-29T17:13:31Z,Vast.ai,B200,rental,B200 x4,18.468483,instance_hour,USD,4,4.617121,4.617121,on-demand marketplace,rentable,https://cloud.vast.ai/create/,"{""basis"":""official bundles API"",""offerId"":30693671,""reliability"":0.9940175,""location"":"", US""}"
20260529T171330Z,2026-05-29T17:13:31Z,Vast.ai,B200,rental,B200 x4,20.514904,instance_hour,USD,4,5.128726,5.128726,on-demand marketplace,rentable,https://cloud.vast.ai/create/,"{""basis"":""official bundles API"",""offerId"":37112599,""reliability"":0.9874424,""location"":"", US""}"
20260529T171330Z,2026-05-29T17:13:31Z,Vast.ai,B200,rental,B200 x4,25.599715,instance_hour,USD,4,6.399929,6.399929,on-demand marketplace,rentable,https://cloud.vast.ai/create/,"{""basis"":""official bundles API"",""offerId"":38427000,""reliability"":0.924818,""location"":""Ohio, US""}"
20260529T171330Z,2026-05-29T17:13:31Z,Vast.ai,B200,rental,B200 x8,36.930021,instance_hour,USD,8,4.616253,4.616253,on-demand marketplace,rentable,https://cloud.vast.ai/create/,"{""basis"":""official bundles API"",""offerId"":30693669,""reliability"":0.9940175,""location"":"", US""}"
20260529T171330Z,2026-05-29T17:13:31Z,Vast.ai,B200,rental,B200 x8,51.189459,instance_hour,USD,8,6.398682,6.398682,on-demand marketplace,rentable,https://cloud.vast.ai/create/,"{""basis"":""official bundles API"",""offerId"":38427005,""reliability"":0.924818,""location"":""Ohio, US""}"
